{"model":{"version":2,"nodes":[{"name":"RootNode","position":[0,0,0],"rotation":[0,0,0],"scale":[1,1,1]},{"name":"Box001","position":[-1.34036e-07,48.1669,0.103006],"rotation":[-90,-0,0],"scale":[1,1,1]}],"parents":[-1,0],"skins":[],"vertices":[{"position":{"type":"float32","components":3,"data":[-18.5241,-18.3974,-48.1173,-18.5241,18.5559,-48.1173,-18.5242,0.0792801,44.8946,-9.23102,-18.3974,43.5118,-18.5242,-18.3974,40.1161,-15.0256,-18.3974,31.0942,0.06212,0.0792751,49.4568,9.35526,0.0792755,48.2903,9.35526,9.3176,47.0787,0.0621206,9.3176,48.2453,-9.23101,18.5559,43.5118,-18.5242,18.5559,40.1161,-18.5241,18.5559,-48.1173,-18.5242,0.0792801,44.8946,-9.23101,0.0792747,48.2903,-9.23101,9.3176,47.0787,-18.5242,9.31761,43.683,18.5593,-0.0264312,44.8946,9.35526,-9.15905,47.0787,18.5593,-9.26476,43.683,-18.5242,-18.3974,40.1161,-18.5242,-9.15905,43.683,-18.5242,18.5559,40.1161,-18.5242,9.31761,43.683,0.0621189,-18.3974,44.6784,9.35525,-18.3974,43.5118,0.0621195,-9.15905,48.2453,9.35526,18.5559,43.5118,0.0621211,18.5559,44.6784,-18.5242,-18.3974,40.1161,-9.23102,-18.3974,43.5118,-9.23102,-9.15905,47.0787,-18.5242,-9.15905,43.683,-9.23101,18.5559,43.5118,-18.5242,18.5559,40.1161,18.5593,18.4502,40.1161,18.5593,9.21189,43.683,18.5593,-18.5031,40.1161,18.5593,18.4502,40.1161,9.35526,18.5559,43.5118,18.5594,18.4502,-48.1173,0.0621211,18.5559,44.6784,18.5568,-18.5031,-48.1043,14.9847,-18.3974,-45.3152,-14.9626,-18.3974,-45.3078,-18.5241,-18.3974,-48.1173,14.8784,-18.3974,31.0684,0.0621189,-18.3974,44.6784,-15.0256,-18.3974,31.0942,-18.5242,-18.3974,40.1161,-18.5241,-18.3974,-48.1173,-14.9626,-18.3974,-45.3078,18.5568,-18.5031,-48.1043,18.5593,-18.5031,40.1161,14.8784,-18.3974,31.0684,14.9847,-18.3974,-45.3152,18.5593,-18.5031,40.1161,9.35525,-18.3974,43.5118,-18.3197,18.3527,-45.2725,-18.3197,-18.1941,-45.2726,18.4362,-18.1941,-45.234,18.4362,-18.1941,-45.234,18.4439,18.3527,-45.2726,-18.3197,18.3527,-45.2725,18.5568,-18.5031,-48.1043,18.5594,18.4502,-48.1173,18.5593,-0.0264312,44.8946,18.5593,18.4502,40.1161,18.5593,9.21189,43.683,18.5593,-9.26476,43.683,18.5593,-18.5031,40.1161]},"normal":{"type":"float32","components":3,"data":[1,-8.16139e-09,2.49899e-07,1,2.21314e-08,2.48711e-07,1,-9.15618e-08,2.69953e-07,-9.98563e-08,-1,-1.07003e-07,-4.39188e-07,-1,4.11051e-08,-3.79687e-07,-1,6.88207e-09,3.32442e-07,-4.87094e-08,1,0.234745,0.000396094,0.972057,0.229605,0.238955,0.943495,5.07462e-07,0.244632,0.969616,-2.77734e-07,-1,-3.42799e-08,-4.02586e-07,-1,-2.16172e-08,-0.00249182,-0.999997,0.000499009,-0.343205,-1.0688e-07,0.939261,-0.233269,-2.84055e-07,0.972412,-0.227021,0.238776,0.944165,-0.333274,0.238822,0.912082,0.346119,-0.000873661,0.93819,0.227336,-0.23839,0.944187,0.333622,-0.239593,0.911752,1,1.06304e-07,2.59405e-07,1,-1.11736e-07,2.81347e-07,1,3.14963e-07,2.81022e-07,1,1.40103e-07,2.63425e-07,5.43225e-07,-0.360185,0.932881,0.226102,-0.350858,0.908722,4.78326e-07,-0.244632,0.969616,0.22927,0.350591,0.908031,5.94298e-07,0.360185,0.932881,-0.322644,-0.340923,0.882991,-0.22615,-0.350854,0.908712,-0.227021,-0.238777,0.944165,-0.333274,-0.238822,0.912082,-0.226149,0.350854,0.908712,-0.322644,0.340923,0.882991,0.328926,0.340143,0.880971,0.338613,0.237645,0.910421,0.321931,-0.341011,0.883217,-0.0114839,-0.999934,-6.78124e-08,-0.00431413,-0.99999,0.000720194,-0.0032164,-0.999995,0.00057122,-0.000325531,-1,0.0005825,-0.0172354,-0.999751,0.0141534,-0.0140393,-0.999703,0.0199077,-0.00144715,-0.999996,0.00250181,-0.00121267,-0.999998,0.00153653,-0.0191378,-0.999816,-0.00104066,-1.15623e-07,-1,-5.41979e-08,-3.79687e-07,-1,6.88207e-09,-4.39188e-07,-1,4.11051e-08,-0.00121267,-0.999998,0.00153653,-0.00144715,-0.999996,0.00250181,-0.0172354,-0.999751,0.0141534,-0.0167402,-0.999848,-0.00487075,-0.0191378,-0.999816,-0.00104066,-0.0140393,-0.999703,0.0199077,-0.0167402,-0.999848,-0.00487075,-0.00376983,-0.999992,-0.00167328,-0.00104968,-2.08866e-07,0.999999,-0.00104968,-2.08866e-07,1,-0.00104968,-2.08866e-07,0.999999,2.07744e-07,0.00105568,0.999999,2.07744e-07,0.00105568,0.999999,2.07745e-07,0.00105568,0.999999,1,-6.07734e-05,-1.56495e-05,1,-6.16985e-05,-1.2008e-05,1,-7.87909e-06,-1.40614e-05,1,-1.06304e-07,2.59405e-07,1,1.11736e-07,2.81347e-07,1,6.52838e-06,-2.87933e-05,1,1.10878e-05,-2.92522e-05]},"texCoord0":{"type":"float32","components":2,"data":[0.00114629,0.629137,0.00114632,0.935316,0.771803,0.782227,0.424891,0.232028,0.396756,0.309027,0.322004,0.28004,0.160889,0.159912,0.0810466,0.159912,0.0810466,0.080541,0.160889,0.080541,0.760265,0.396878,0.73213,0.319879,0.00106546,0.319879,0.320573,0.159912,0.240731,0.159912,0.240731,0.080541,0.320573,0.080541,0.00120458,0.159912,0.0810466,0.239283,0.00120458,0.239283,0.73221,0.629137,0.761765,0.705682,0.73221,0.935316,0.761765,0.858771,0.160889,0.318654,0.0810466,0.318654,0.160889,0.239283,0.0810466,0.00116992,0.160889,0.00116992,0.320573,0.318654,0.240731,0.318654,0.240731,0.239283,0.320573,0.239283,0.240731,0.00116992,0.320573,0.0011698,0.00120458,0.00116992,0.00120458,0.080541,0.00120458,0.318654,0.73213,0.627875,0.760265,0.550876,0.00106534,0.627875,0.769931,0.473877,0.435949,0.00106408,0.458843,0.0313555,0.458905,0.279485,0.435626,0.308994,0.321791,0.0322683,0.434557,0.155029,0.65748,0.96941,0.732231,0.998397,0.00116712,0.998397,0.0244461,0.968888,0.00108528,0.936595,0.731825,0.93653,0.65686,0.967767,0.0239791,0.966886,0.396756,0.00103152,0.424891,0.0780303,0.764609,0.303993,0.764609,0.00118238,0.460065,0.00118229,0.460065,0.00118229,0.460001,0.303993,0.764609,0.303993,0.00114632,0.935316,0.00114629,0.629137,0.771803,0.782227,0.73221,0.629137,0.761765,0.705682,0.761765,0.858771,0.73221,0.935316]}}],"meshes":[{"aabb":{"min":[-18.5242,-18.5031,-48.1173],"max":[18.5594,18.5559,49.4568]},"vertices":0,"indices":[0,1,2,3,4,5,6,7,8,8,9,6,10,11,12,13,14,15,15,16,13,14,6,9,9,15,14,17,7,18,18,19,17,20,0,21,21,0,2,22,23,1,24,25,18,18,26,24,26,18,7,7,6,26,27,28,9,9,8,27,29,30,31,31,32,29,32,31,14,14,13,32,33,34,16,16,15,33,30,24,26,26,31,30,31,26,6,6,14,31,28,33,15,15,9,28,35,27,8,8,36,35,36,8,7,7,17,36,25,37,19,19,18,25,23,2,1,38,39,40,39,41,40,40,41,12,41,10,12,42,43,44,44,45,42,46,47,5,47,3,5,48,49,50,50,51,48,52,53,54,54,55,52,46,56,57,46,57,47,58,59,60,61,62,63,64,65,66,65,67,68,65,68,66,69,70,64,66,69,64],"type":"triangles","base":0,"count":180}],"meshInstances":[{"node":1,"mesh":0}]}}