{"model":{"version":2,"nodes":[{"name":"RootNode","position":[0,0,0],"rotation":[0,0,0],"scale":[1,1,1]},{"name":"Group001","position":[-1.14357,0.47827,-0.166697],"rotation":[-90,-0,0],"scale":[0.0254,0.0254,0.0254]},{"name":"Plane012","position":[27.946,17.303,14.3428],"rotation":[5.00896e-06,-0,5.00896e-06],"scale":[1,1,1]}],"parents":[-1,0,1],"skins":[],"vertices":[{"position":{"type":"float32","components":3,"data":[7.95035,2.16485,5.97833,-8.30788,-2.13879,5.97833,-8.30788,-2.13879,-5.91297,7.95035,2.16486,-5.91297,-10.6115,-19.9388,-26.4617,-21.8154,-21.0226,-25.695,-22.174,-21.0687,-31.0008,-10.9701,-19.9849,-31.7675,-25.2581,-20.4024,-25.0316,-18.6241,-19.7728,-22.428,-25.0504,-20.3965,-21.9883,-18.8318,-19.7787,-25.4714,-42.2165,-19.7343,-27.6352,-26.7203,-17.9268,-32.8673,-27.5057,-18.27,-25.9038,-41.4311,-19.391,-34.5987,-18.0027,-35.9481,-25.1844,-19.4749,-28.733,-25.2111,-19.5968,-28.777,-30.4023,-18.1246,-35.9922,-30.3757,-11.1833,-33.9522,-28.5934,-12.5603,-27.2059,-28.6352,-11.1088,-33.9169,-25.3489,-12.4858,-27.1706,-25.3906,-3.66263,-33.0157,-28.7388,-4.04795,-29.3957,-30.4606,-4.01819,-29.3904,-28.7438,-3.69239,-33.021,-30.4555,-9.65191,-19.2952,-27.3073,-10.4533,-13.1484,-30.2313,-10.2485,-13.1243,-27.3163,-9.85666,-19.3193,-30.2223,-15.9861,-16.2242,-19.1416,-17.4341,-5.46865,-24.8828,-16.9988,-5.77883,-19.1286,-16.4214,-15.914,-24.8959,-52.5146,-16.8753,-4.37547,-64.2015,-19.9689,-4.37547,-64.2015,-19.9689,-12.9233,-52.5146,-16.8753,-12.9233,-10.7155,-19.9495,-27.8536,-21.9232,-21.032,-27.1423,-22.2558,-21.0756,-32.4498,-11.0481,-19.9931,-33.1611,-9.76302,-19.3083,-28.9154,-10.6463,-13.1711,-33.0055,-10.3596,-13.1374,-28.9244,-10.0497,-19.342,-32.9965,-49.6226,-19.3316,-31.8869,-33.2495,-17.7019,-29.9599,-50.1724,-19.5719,-27.0124,-33.7993,-17.9422,-25.0854,-50.1724,-19.5719,-27.0124,-33.2495,-17.7019,-29.9599,-22.0217,-20.0954,-25.7058,-25.8009,-20.4909,-31.6217,-22.4356,-20.1643,-31.852,-25.387,-20.422,-25.4756,-50.9834,-28.4393,-16.2839,-47.5157,-33.3107,-7.05352,-51.9503,-31.9479,-7.00032,-46.5488,-29.8021,-16.3371,-51.7438,-31.9881,-10.2374,-54.2772,-27.377,-19.5444,-50.5989,-28.5349,-19.5215,-55.4221,-30.8302,-10.2603,-57.4867,-26.0065,-22.3197,-55.0196,-31.251,-13.0915,-58.9724,-29.3292,-13.0362,-53.534,-27.9283,-22.3749,-48.7193,-36.7055,-16.2628,-51.9802,-31.8257,-6.96181,-47.5664,-33.2552,-6.97863,-53.1331,-35.2759,-16.246,-52.9024,-35.4017,-19.5557,-56.1629,-30.5204,-10.2552,-51.7495,-31.9514,-10.2715,-57.3158,-33.9707,-19.5394,-56.5984,-34.3508,-22.178,-59.1463,-29.0024,-12.9121,-54.9996,-31.0832,-12.8938,-60.7451,-32.27,-22.1962,-37.2365,-19.1695,-28.8886,-26.7887,-17.9795,-31.6537,-26.8036,-18.124,-27.8486,-38.0105,-19.1428,-31.7418,-18.0026,-36.2468,-28.3585,-11.2599,-34.849,-25.3855,-17.9044,-36.2019,-25.1623,-11.3581,-34.8939,-28.5817,-5.20109,-34.7693,-27.5295,-11.8906,-35.4265,-32.4976,-5.28971,-34.7794,-32.614,-11.802,-35.4164,-27.4131,-12.872,-35.2302,-26.9402,-18.1259,-36.3528,-33.3855,-12.9382,-35.2942,-33.4486,-18.0597,-36.2888,-26.877,-25.8647,-19.6048,-22.6308,-17.601,-18.8112,-21.2984,-25.777,-19.6048,-20.7214,-17.6887,-18.8113,-23.2078,-27.9196,-17.5525,-22.0536,-15.979,-16.4021,-19.1516,-27.7937,-17.5489,-18.3178,-16.1049,-16.4058,-22.8874]},"normal":{"type":"float32","components":3,"data":[0.255892,-0.966705,-3.08187e-07,0.255892,-0.966705,-3.05191e-07,0.255892,-0.966705,-3.07121e-07,0.255892,-0.966705,-3.10116e-07,0.0964263,-0.995338,0.00212125,0.0964263,-0.995338,0.00212122,0.0964263,-0.995338,0.00212123,0.0964263,-0.995338,0.00212127,0.0962825,-0.995343,-0.0046432,0.0962826,-0.995343,-0.0046432,0.0962825,-0.995343,-0.0046432,0.0962826,-0.995343,-0.0046432,0.103329,-0.993946,-0.0373406,0.103329,-0.993946,-0.0373406,0.103329,-0.993946,-0.0373406,0.103329,-0.993946,-0.0373406,-0.979531,-0.199776,0.0246806,-0.979531,-0.199776,0.024681,-0.979531,-0.199776,0.0246807,-0.979531,-0.199776,0.0246803,0.979531,0.199776,-0.0246814,0.979531,0.199776,-0.0246818,0.979531,0.199776,-0.0246816,0.979531,0.199776,-0.024682,0.995074,0.0975708,-0.0175489,0.995074,0.0975703,-0.0175499,0.995074,0.09757,-0.0175506,0.995074,0.0975711,-0.0175482,0.99289,0.0958925,-0.0705312,0.99289,0.0958924,-0.0705315,0.99289,0.0958923,-0.0705317,0.99289,0.0958926,-0.070531,0.992889,0.0963486,-0.0699102,0.992889,0.0963486,-0.0699102,0.992889,0.0963486,-0.0699102,0.992889,0.0963486,-0.0699102,0.255892,-0.966705,-1.56249e-07,0.255892,-0.966705,-1.47659e-07,0.255892,-0.966705,-1.53193e-07,0.255892,-0.966705,-1.61782e-07,0.0962752,-0.995352,0.00214693,0.0962753,-0.995352,0.00214686,0.0962753,-0.995353,0.00214688,0.0962752,-0.995352,0.00214696,0.99289,0.0958927,-0.0705321,0.99289,0.0958927,-0.0705321,0.99289,0.0958927,-0.0705321,0.99289,0.0958926,-0.0705321,0.103329,-0.993946,-0.037341,0.103329,-0.993946,-0.037341,0.103329,-0.993946,-0.037341,0.103329,-0.993946,-0.037341,0.103329,-0.993946,-0.037341,0.103329,-0.993946,-0.037341,0.096912,-0.995282,0.00464335,0.0969121,-0.995282,0.00464332,0.0969121,-0.995282,0.00464329,0.096912,-0.995282,0.00464337,-0.277506,-0.88877,-0.3648,-0.277506,-0.88877,-0.364799,-0.277507,-0.88877,-0.364799,-0.277506,-0.88877,-0.3648,-0.277506,-0.88877,-0.364799,-0.277506,-0.88877,-0.364799,-0.277505,-0.88877,-0.364799,-0.277507,-0.88877,-0.364799,-0.411238,-0.835347,-0.364799,-0.411238,-0.835347,-0.364799,-0.411238,-0.835347,-0.364799,-0.411238,-0.835347,-0.364799,0.285632,0.886192,-0.364799,0.285631,0.886192,-0.364799,0.28563,0.886192,-0.364799,0.285632,0.886192,-0.364799,0.285959,0.886082,-0.364809,0.285959,0.886082,-0.364809,0.285959,0.886082,-0.364809,0.285959,0.886082,-0.364809,0.418868,0.831547,-0.3648,0.418869,0.831547,-0.3648,0.418869,0.831547,-0.3648,0.418867,0.831547,-0.364801,0.103329,-0.993946,-0.0373405,0.103329,-0.993946,-0.0373405,0.103329,-0.993946,-0.0373405,0.103329,-0.993946,-0.0373406,0.199752,-0.979817,0.00761638,0.199752,-0.979817,0.00761652,0.199752,-0.979817,0.0076163,0.199752,-0.979817,0.0076166,0.0975762,-0.995228,0.000275675,0.0975762,-0.995228,0.000275663,0.0975762,-0.995228,0.000275706,0.0975763,-0.995228,0.000275632,0.200015,-0.979763,0.00760298,0.200015,-0.979763,0.007603,0.200015,-0.979763,0.00760305,0.200015,-0.979763,0.00760293,0.0962987,-0.995343,-0.00441228,0.0962987,-0.995343,-0.00441214,0.0962987,-0.995343,-0.0044123,0.0962987,-0.995343,-0.00441211,0.0964484,-0.995335,-0.00228157,0.0964483,-0.995335,-0.00228114,0.0964485,-0.995335,-0.0022817,0.0964483,-0.995335,-0.00228101]},"texCoord0":{"type":"float32","components":2,"data":[1,1,0,1,0,0,1,0,1,1,0,1,0,0,1,0,1,0,0,1,1,1,0,0,0,1,1,0,1,1,0,0,1,1,0,1,0,0,1,0,1,0,0,0,1,1,0,1,0,1,1,0,1,1,0,0,0,1,1,0,1,1,0,0,0,1,1,0,1,1,0,0,1,1,0,1,0,0,1,0,0,0,1,0,1,1,0,1,1,0,0,1,0,0,1,1,1,0,0,0,1,1,0,1,1,1,0,0,0.523667,0,0,1,0.523667,1,0,0,0.716928,0,0,1,0.716928,1,0,0,0,1,0.595903,0,0,0,0.595903,1,0.679216,0,0,1,0.679216,1,0,0,0.716928,0,0,1,0.716928,1,0,0,0.716928,0,0,1,0.716928,1,0,0,0.716928,0,0,1,0.716928,1,0,0,0.930028,0.46426,0,1,0,0.283991,1,1,1,0,0,1,1,1,0,0,0.523667,0.373587,-0.113196,1,0.523667,1,-0.113196,0.373587,0.523667,0.373587,-0.113196,1,0.523667,1,-0.113196,0.373587,1,0,0,1,1,1,0,0,0,0,1,1,0,1,1,0]}}],"meshes":[{"aabb":{"min":[-64.2015,-36.7055,-34.5987],"max":[7.95035,2.16486,5.97833]},"vertices":0,"indices":[0,1,2,0,2,3,4,5,6,4,6,7,8,9,10,9,8,11,12,13,14,13,12,15,16,17,18,16,18,19,20,21,22,23,22,21,24,25,26,25,24,27,28,29,30,29,28,31,32,33,34,33,32,35,36,37,38,36,38,39,48,49,50,51,52,53,86,87,88,87,86,89,98,99,100,99,98,101,102,103,104,103,102,105],"type":"triangles","base":0,"count":84},{"aabb":{"min":[-64.2015,-36.7055,-34.5987],"max":[7.95035,2.16486,5.97833]},"vertices":0,"indices":[40,41,42,40,42,43,44,45,46,45,44,47,54,55,56,55,54,57,58,59,60,59,58,61,62,63,64,63,62,65,66,67,68,67,66,69,70,71,72,71,70,73,74,75,76,75,74,77,78,79,80,79,78,81,82,83,84,83,82,85,90,91,92,91,90,93,94,95,96,95,94,97],"type":"triangles","base":0,"count":72}],"meshInstances":[{"node":2,"mesh":0},{"node":2,"mesh":1}]}}