{"model":{"version":2,"nodes":[{"name":"RootNode","position":[0,0,0],"rotation":[0,0,0],"scale":[1,1,1]},{"name":"windowsInner","position":[0,0,0],"rotation":[-90,-0,0],"scale":[0.0254,0.0254,0.0254]}],"parents":[-1,0],"skins":[],"vertices":[{"position":{"type":"float32","components":3,"data":[-400.377,-94.605,14.8582,394.487,-94.605,14.8582,394.487,-94.6051,630.059,394.487,-94.6051,630.059,-400.377,-94.6051,630.059,394.487,-94.6051,630.059,394.487,-94.605,14.8582,396.174,-3.8147e-05,13.1709,396.174,-3.8147e-05,13.1709,396.174,-7.62939e-06,631.746,394.487,-94.6051,630.059,-400.377,-94.6051,630.059,394.487,-94.6051,630.059,396.174,-7.62939e-06,631.746,396.174,-7.62939e-06,631.746,-402.065,-7.62939e-06,631.746,-400.377,-94.605,14.8582,-400.377,-94.6051,630.059,-402.065,-7.62939e-06,631.746,-402.065,-7.62939e-06,631.746,-402.065,-3.8147e-05,13.1709,-400.377,-94.605,14.8582,-400.377,94.6049,14.8582,-400.377,94.6051,630.059,394.487,94.6051,620.351,394.487,94.6051,620.351,394.487,94.6049,14.8582,-400.377,94.6049,14.8582,394.487,94.6051,620.351,396.174,-7.62939e-06,631.746,396.174,-3.8147e-05,13.1709,396.174,-3.8147e-05,13.1709,394.487,94.6049,14.8582,394.487,94.6051,620.351,-400.377,94.6051,630.059,-402.065,-7.62939e-06,631.746,396.174,-7.62939e-06,631.746,396.174,-7.62939e-06,631.746,394.487,94.6051,620.351,-400.377,94.6051,630.059,-400.377,94.6049,14.8582,-402.065,-3.8147e-05,13.1709,-402.065,-7.62939e-06,631.746,-402.065,-7.62939e-06,631.746,-400.377,94.6051,630.059,-400.377,94.6049,14.8582]},"normal":{"type":"float32","components":3,"data":[0,-1,-1.55018e-07,0,-1,-1.55018e-07,0,-1,-1.55018e-07,0,-1,-1.55018e-07,0,-1,-1.55018e-07,0.999841,-0.0178326,9.64316e-08,0.999841,-0.0178326,9.64316e-08,0.999841,-0.0178326,9.64316e-08,0.999841,-0.0178332,8.79805e-10,0.999841,-0.0178332,8.79804e-10,0.999841,-0.0178332,8.79804e-10,0,-0.0178351,0.999841,0,-0.0178351,0.999841,0,-0.0178351,0.999841,0,-0.0178351,0.999841,0,-0.0178351,0.999841,-0.999841,-0.0178329,1.4603e-07,-0.999841,-0.0178329,1.4603e-07,-0.999841,-0.0178329,1.4603e-07,-0.999841,-0.0178329,1.48862e-07,-0.999841,-0.0178329,1.48862e-07,-0.999841,-0.0178329,1.48862e-07,-3.3323e-09,1,-2.72832e-07,-3.3323e-09,1,-2.72832e-07,-3.3323e-09,1,-2.72832e-07,0,1,-2.77207e-07,0,1,-2.77207e-07,0,1,-2.77207e-07,0.999841,0.0178329,-8.79789e-10,0.999841,0.0178329,-8.79789e-10,0.999841,0.0178329,-8.79789e-10,0.999841,0.0178329,-4.9434e-09,0.999841,0.0178329,-4.9434e-09,0.999841,0.0178329,-4.9434e-09,0,0.0178351,0.999841,0,0.0178351,0.999841,0,0.0178351,0.999841,0.0121249,0.119797,0.992724,0.0121249,0.119797,0.992724,0.0121249,0.119797,0.992724,-0.999841,0.0178329,1.47102e-07,-0.999841,0.0178329,1.47102e-07,-0.999841,0.0178329,1.47102e-07,-0.999841,0.0178329,1.43929e-07,-0.999841,0.0178329,1.43929e-07,-0.999841,0.0178329,1.43929e-07]},"texCoord0":{"type":"float32","components":2,"data":[-4.01669,-1.92907,4.65019,-1.92908,4.6318,2.28477,4.6318,2.28477,-3.99828,2.28477,1.874,0.934139,-0.9353,0.939891,-0.943001,0.0579662,-0.943001,0.0579662,1.87994,0.0581811,1.874,0.934139,5.0116,0.830029,-3.63529,0.854102,-3.6686,0.0579659,-3.6686,0.0579659,5.03507,0.0579659,1.9353,0.939891,-0.881588,0.909348,-0.879938,0.0579661,-0.879938,0.0579661,1.943,0.0579661,1.9353,0.939891,-4.01669,-1.92907,-3.9977,2.28477,4.6318,2.21873,4.6318,2.21873,4.65019,-1.92908,-4.01669,-1.92907,1.82793,0.939891,1.87994,0.0579661,-0.943001,0.0579662,-0.943001,0.0579662,-0.9353,0.939891,1.82793,0.939891,5.00125,0.855281,5.03461,0.0637047,-3.66906,0.0641367,-3.66906,0.0641367,-3.6502,0.950757,5.00125,0.855281,1.9353,0.939891,1.943,0.0579661,-0.879941,0.0581811,-0.879941,0.0581811,-0.873998,0.934139,1.9353,0.939891]}}],"meshes":[{"aabb":{"min":[-402.065,-94.6051,13.1709],"max":[396.174,94.6051,631.746]},"vertices":0,"indices":[0,1,2,3,4,0,5,6,7,8,9,10,11,12,13,14,15,11,16,17,18,19,20,21,22,23,24,25,26,27,28,29,30,31,32,33,34,35,36,37,38,39,40,41,42,43,44,45],"type":"triangles","base":0,"count":48}],"meshInstances":[{"node":1,"mesh":0}]}}