{"model":{"version":2,"nodes":[{"name":"RootNode","position":[0,0,0],"rotation":[0,0,0],"scale":[1,1,1]},{"name":"Plane001","position":[-1.4312e-07,8.56848,3.2742],"rotation":[9.33467e-06,-0,0],"scale":[0.0254,0.0254,0.0254]}],"parents":[-1,0],"skins":[],"vertices":[{"position":{"type":"float32","components":3,"data":[-431.171,-322.165,0,431.171,-322.165,0,431.171,322.165,0,-431.171,322.165,0,431.171,-322.165,-258.155,-431.171,-322.165,-258.155,-431.171,322.165,-258.155,431.171,322.165,-258.155,-431.171,-322.165,-258.155,-431.171,-322.165,1.52588e-05,-431.171,322.165,-7.62939e-05,-431.171,322.165,-258.155,431.171,-322.165,9.15527e-05,431.171,-322.165,-258.155,431.171,322.165,-258.155,431.171,322.165,0,-431.171,322.165,-258.152,-431.171,322.165,-0.00268555,431.171,322.165,-0.00265503,431.171,322.165,-258.152,-398.52,-322.165,-258.155,-398.52,-322.165,1.52588e-05,-398.52,322.165,-7.62939e-05,-398.52,322.165,-258.155,-338.542,-322.165,-258.155,-338.542,-322.165,1.52588e-05,-338.542,322.165,-7.62939e-05,-338.542,322.165,-258.155,-277.05,-322.165,-258.155,-277.05,-322.165,1.52588e-05,-277.051,322.165,-7.62939e-05,-277.05,322.165,-258.155,-153.791,-322.165,-258.155,-153.791,-322.165,1.52588e-05,-153.791,322.165,-7.62939e-05,-153.791,322.165,-258.155,-215.282,-322.165,-258.155,-215.282,-322.165,1.52588e-05,-215.282,322.165,-7.62939e-05,-215.282,322.165,-258.155,90.69,-322.165,-258.155,90.6899,-322.165,1.52588e-05,90.6899,322.165,-7.62939e-05,90.69,322.165,-258.155,29.1987,-322.165,-258.155,29.1987,-322.165,1.52588e-05,29.1987,322.165,-7.62939e-05,29.1987,322.165,-258.155,-32.5699,-322.165,-258.155,-32.5699,-322.165,1.52588e-05,-32.5699,322.165,-7.62939e-05,-32.5699,322.165,-258.155,-94.0611,-322.165,-258.155,-94.0612,-322.165,1.52588e-05,-94.0612,322.165,-7.62939e-05,-94.0612,322.165,-258.155,336.926,-322.165,-258.155,336.926,-322.165,1.52588e-05,336.926,322.165,-7.62939e-05,336.926,322.165,-258.155,275.435,-322.165,-258.155,275.435,-322.165,1.52588e-05,275.435,322.165,-7.62939e-05,275.435,322.165,-258.155,213.667,-322.165,-258.155,213.667,-322.165,1.52588e-05,213.667,322.165,-7.62939e-05,213.667,322.165,-258.155,152.175,-322.165,-258.155,152.175,-322.165,1.52588e-05,152.175,322.165,-7.62939e-05,152.175,322.165,-258.155,396.368,-322.165,-258.155,396.368,-322.165,1.52588e-05,396.368,322.165,-7.62939e-05,396.368,322.165,-258.155,-431.171,-322.165,-12.182,-322.993,-322.165,-12.182,-322.993,322.165,-12.182,-431.171,322.165,-12.182,322.993,322.165,-12.182,322.993,-322.165,-12.182,431.171,-322.165,-12.182,431.171,322.165,-12.182,0,-322.165,-12.182,0,322.165,-12.182,-431.171,-322.165,-65.8931,-322.993,-322.165,-65.8931,-322.993,322.165,-65.8931,-431.171,322.165,-65.8931,322.993,322.165,-65.8931,322.993,-322.165,-65.8931,431.171,-322.165,-65.8931,431.171,322.165,-65.8931,0,-322.165,-65.8931,0,322.165,-65.8931,-431.171,-322.165,-127.802,-322.993,-322.165,-127.802,-322.993,322.165,-127.802,-431.171,322.165,-127.802,322.993,322.165,-127.802,322.993,-322.165,-127.802,431.171,-322.165,-127.802,431.171,322.165,-127.802,0,-322.165,-127.802,0,322.165,-127.802,-431.171,-322.165,-190.226,-322.993,-322.165,-190.226,-322.993,322.165,-190.226,-431.171,322.165,-190.226,322.993,322.165,-190.226,322.993,-322.165,-190.226,431.171,-322.165,-190.226,431.171,322.165,-190.226,0,-322.165,-190.226,0,322.165,-190.226,-431.171,210.226,-258.152,-431.171,210.226,-0.00267029,431.171,210.226,-0.00263977,431.171,210.226,-258.152,-431.171,136.195,-258.152,-431.171,136.195,-0.00265503,431.171,136.195,-0.00262451,431.171,136.195,-258.152,-431.171,63.5623,-258.152,-431.171,63.5624,-0.00263977,431.171,63.5624,-0.00260925,431.171,63.5623,-258.152,-431.171,-10.0258,-258.152,-431.171,-10.0257,-0.00262451,431.171,-10.0257,-0.00259399,431.171,-10.0258,-258.152,-431.171,-81.9923,-258.152,-431.171,-81.9922,-0.00260925,431.171,-81.9922,-0.00257874,431.171,-81.9923,-258.152,-431.171,-154.869,-258.152,-431.171,-154.868,-0.00259399,431.171,-154.868,-0.00256348,431.171,-154.869,-258.152,-431.171,-230.082,-258.152,-431.171,-230.082,-0.00257874,431.171,-230.082,-0.00254822,431.171,-230.082,-258.152,-431.171,-313.254,-258.152,-431.171,-313.254,-0.00256348,431.171,-313.254,-0.00253296,431.171,-313.254,-258.152]},"normal":{"type":"float32","components":3,"data":[0,0,1,0,0,1,0,0,1,0,0,1,-1.06168e-07,-3.31543e-07,-1,-1.06168e-07,-3.31543e-07,-1,-1.06168e-07,-3.31543e-07,-1,-1.06168e-07,-3.31543e-07,-1,-1,-4.73633e-08,-1.18214e-07,-1,-4.73633e-08,-1.18214e-07,-1,-4.73633e-08,-1.18214e-07,-1,-4.73633e-08,-1.18214e-07,1,-4.73632e-08,1.18214e-07,1,-4.73632e-08,1.18214e-07,1,-4.73632e-08,1.18214e-07,1,-4.73632e-08,1.18214e-07,8.36718e-15,1,-2.36433e-07,8.36718e-15,1,-2.36433e-07,8.36718e-15,1,-2.36433e-07,8.36718e-15,1,-2.36433e-07,-1,-4.73633e-08,-1.18214e-07,-1,-4.73633e-08,-1.18214e-07,-1,-4.73633e-08,-1.18214e-07,-1,-4.73633e-08,-1.18214e-07,-1,-4.73633e-08,-1.18214e-07,-1,-4.73633e-08,-1.18214e-07,-1,-4.73633e-08,-1.18214e-07,-1,-4.73633e-08,-1.18214e-07,-1,-4.73633e-08,-1.18214e-07,-1,-4.73633e-08,-1.18214e-07,-1,-4.73633e-08,-1.18214e-07,-1,-4.73633e-08,-1.18214e-07,-1,-4.73633e-08,-1.18214e-07,-1,-4.73633e-08,-1.18214e-07,-1,-4.73633e-08,-1.18214e-07,-1,-4.73633e-08,-1.18214e-07,-1,-4.73633e-08,-1.18214e-07,-1,-4.73633e-08,-1.18214e-07,-1,-4.73633e-08,-1.18214e-07,-1,-4.73633e-08,-1.18214e-07,-1,-4.73633e-08,-1.77321e-07,-1,-4.73633e-08,-1.77321e-07,-1,-4.73633e-08,-1.77321e-07,-1,-4.73633e-08,-1.77321e-07,-1,-4.14429e-08,-1.62545e-07,-1,-4.14429e-08,-1.62545e-07,-1,-4.14429e-08,-1.62545e-07,-1,-4.14429e-08,-1.62545e-07,-1,-4.14429e-08,-1.62545e-07,-1,-4.14429e-08,-1.62545e-07,-1,-4.14429e-08,-1.62545e-07,-1,-4.14429e-08,-1.62545e-07,-1,-4.73633e-08,-1.77321e-07,-1,-4.73633e-08,-1.77321e-07,-1,-4.73633e-08,-1.77321e-07,-1,-4.73633e-08,-1.77321e-07,-1,-4.73633e-08,-1.18214e-07,-1,-4.73633e-08,-1.18214e-07,-1,-4.73633e-08,-1.18214e-07,-1,-4.73633e-08,-1.18214e-07,-1,-4.73633e-08,-1.18214e-07,-1,-4.73633e-08,-1.18214e-07,-1,-4.73633e-08,-1.18214e-07,-1,-4.73633e-08,-1.18214e-07,-1,-4.73633e-08,-1.18214e-07,-1,-4.73633e-08,-1.18214e-07,-1,-4.73633e-08,-1.18214e-07,-1,-4.73633e-08,-1.18214e-07,-1,-4.73633e-08,-1.18214e-07,-1,-4.73633e-08,-1.18214e-07,-1,-4.73633e-08,-1.18214e-07,-1,-4.73633e-08,-1.18214e-07,-1,-4.73633e-08,-1.18214e-07,-1,-4.73633e-08,-1.18214e-07,-1,-4.73633e-08,-1.18214e-07,-1,-4.73633e-08,-1.18214e-07,0,0,1,0,0,1,0,0,1,0,0,1,0,0,1,0,0,1,0,0,1,0,0,1,0,0,1,0,0,1,0,0,1,0,0,1,0,0,1,0,0,1,0,0,1,0,0,1,0,0,1,0,0,1,0,0,1,0,0,1,0,0,1,0,0,1,0,0,1,0,0,1,0,0,1,0,0,1,0,0,1,0,0,1,0,0,1,0,0,1,0,0,1,0,0,1,0,0,1,0,0,1,0,0,1,0,0,1,0,0,1,0,0,1,0,0,1,0,0,1,1.25508e-14,1,-3.5465e-07,1.25508e-14,1,-3.5465e-07,1.25508e-14,1,-3.5465e-07,1.25508e-14,1,-3.5465e-07,1.02267e-14,1,-3.5465e-07,1.25508e-14,1,-3.5465e-07,2.32406e-15,1,-3.5465e-07,0,1,-3.5465e-07,1.02267e-14,1,-3.5465e-07,1.25508e-14,1,-3.5465e-07,2.32406e-15,1,-3.5465e-07,0,1,-3.5465e-07,1.10789e-14,1,-3.84204e-07,1.35967e-14,1,-3.84204e-07,2.51773e-15,1,-3.84204e-07,0,1,-3.84204e-07,1.10789e-14,1,-3.84204e-07,1.35967e-14,1,-3.84204e-07,2.51773e-15,1,-3.84204e-07,0,1,-3.84204e-07,1.02267e-14,1,-3.5465e-07,1.25508e-14,1,-3.5465e-07,2.32406e-15,1,-3.5465e-07,0,1,-3.5465e-07,1.02267e-14,1,-3.5465e-07,1.25508e-14,1,-3.5465e-07,2.32406e-15,1,-3.5465e-07,0,1,-3.5465e-07,1.02267e-14,1,-3.5465e-07,1.25508e-14,1,-3.5465e-07,2.32406e-15,1,-3.5465e-07,0,1,-3.5465e-07]},"texCoord0":{"type":"float32","components":2,