{"model":{"version":2,"nodes":[{"name":"RootNode","position":[0,0,0],"rotation":[0,0,0],"scale":[1,1,1]},{"name":"Plane003","position":[6.28582,1.21924,-100.936],"rotation":[7.62939e-06,0,0],"scale":[0.0486222,0.0267854,0.0254]}],"parents":[-1,0],"skins":[],"vertices":[{"position":{"type":"float32","components":3,"data":[1966.5,757.602,0,734.407,757.602,0,734.407,-984.252,0,1966.5,-984.252,0,734.401,757.603,2172.98,-319.889,757.603,2172.98,-319.889,-984.252,2172.98,734.401,-984.252,2172.98,-324.116,757.603,3973.87,-1966.5,757.603,3973.87,-1966.5,-984.251,3973.87,-324.116,-984.251,3973.87,2118.6,170.086,1641.33,1260.23,170.086,1641.33,1260.23,-1043.43,1641.33,2118.6,-1043.43,1641.33,2349.66,-204.661,1641.33,1739.3,-204.661,1641.33,1739.3,-1067.55,1641.33,2349.66,-1067.55,1641.33,2478.87,-534.921,1641.33,2075.6,-534.921,1641.33,2075.6,-1052.42,1641.33,2478.87,-1052.42,1641.33,-1893.94,-466.918,1641.33,-2504.3,-466.918,1641.33,-2504.3,-984.419,1641.33,-1893.94,-984.419,1641.33,-2440.37,-668.811,1641.33,-2771.77,-668.811,1641.33,-2771.77,-949.798,1641.33,-2440.37,-949.798,1641.33]},"normal":{"type":"float32","components":3,"data":[0,0,1,0,0,1,0,0,1,0,0,1,0,0,1,0,0,1,0,0,1,0,0,1,0,0,1,0,0,1,0,0,1,0,0,1,0,-1.00592e-07,1,0,-1.00592e-07,1,0,-1.00592e-07,1,0,-1.00592e-07,1,0,1.41468e-07,1,0,1.41468e-07,1,0,1.41468e-07,1,0,1.41468e-07,1,0,0,1,0,0,1,0,0,1,0,0,1,0,0,1,0,0,1,0,0,1,0,0,1,0,0,1,0,0,1,0,0,1,0,0,1]},"texCoord0":{"type":"float32","components":2,"data":[0.99898,0.884862,0.68603,0.884862,0.68603,-3.10059e-08,0.99898,-3.10059e-08,0.686028,0.884862,0.418238,0.884862,0.418238,-3.10059e-08,0.686028,-3.10059e-08,0.417165,0.884862,-3.10059e-08,0.884862,0,0,0.417165,-3.10059e-08,0.99898,0.884862,0.68603,0.884862,0.68603,-3.10059e-08,0.99898,-3.10059e-08,0.99898,0.884862,0.68603,0.884862,0.68603,-3.10059e-08,0.99898,-3.10059e-08,0.8928,0.884862,0.68603,0.884862,0.68603,-3.10059e-08,0.8928,-3.10059e-08,0.99898,0.884862,0.68603,0.884862,0.68603,-3.10059e-08,0.99898,-3.10059e-08,0.99898,0.884862,0.68603,0.884862,0.68603,-3.10059e-08,0.99898,-3.10059e-08]}}],"meshes":[{"aabb":{"min":[-2771.77,-1067.55,0],"max":[2478.87,757.603,3973.87]},"vertices":0,"indices":[0,1,2,0,2,3,4,5,6,4,6,7,8,9,10,8,10,11,12,13,14,12,14,15,16,17,18,16,18,19,20,21,22,20,22,23,24,25,26,24,26,27,28,29,30,28,30,31],"type":"triangles","base":0,"count":48}],"meshInstances":[{"node":1,"mesh":0}]}}