{"model":{"version":2,"nodes":[{"name":"RootNode","position":[0,0,0],"rotation":[0,0,0],"scale":[1,1,1]},{"name":"fonar_fonar2_1_0","position":[-0.885341,0.213146,1.19016],"rotation":[-84.2385,42.8576,8.6966],"scale":[0.0254,0.0254,0.0254]}],"parents":[-1,0],"skins":[],"vertices":[{"position":{"type":"float32","components":3,"data":[0.147087,0.242283,-0.0221048,0.117005,0.221745,0.0718,0.105839,0.0978759,0.0958055,0.145478,0.0924314,-0.0306017,0.124312,0.267943,-0.0232842,0.0971481,0.246063,0.0712444,0.0958618,0.217268,0.0957421,0.105839,0.0978759,0.0958055,0.0117808,0.260438,0.0732645,0.0110051,0.228802,0.0991399,0.0147628,0.283685,-0.0268459,-0.0126023,0.107107,0.109646,-0.117635,0.242369,-0.0299665,-0.110997,0.0976172,-0.0275957,-0.0928393,0.0975521,0.0919835,-0.0931934,0.221811,0.0655576,-0.073323,0.246116,0.0661815,-0.0948142,0.268013,-0.0297916,-0.0126023,0.107107,0.109646,-0.0735128,0.217321,0.0907119,-0.117635,0.242369,-0.0299665,0.147087,0.242283,-0.0221048,0.145478,0.0924314,-0.0306017,-0.110997,0.0976172,-0.0275957,0.0147628,0.283685,-0.0268459,0.124312,0.267943,-0.0232842,-0.0948142,0.268013,-0.0297916,-0.0378926,0.193277,-0.124414,0.0730557,0.193242,-0.121119,0.0685069,0.0867433,-0.116264,-0.0581688,0.0841121,-0.11277,0.0163922,0.244437,-0.082117,-0.108547,0.234434,-0.0282505,-0.0783593,0.207132,-0.0875496,-0.110997,0.0976172,-0.0275957,-0.0919943,0.253036,-0.0281281,-0.069917,0.227515,-0.0855348,0.0147093,0.268299,-0.025255,0.121388,0.25297,-0.0217922,0.102739,0.22746,-0.0804077,0.137909,0.234354,-0.0209313,0.111275,0.207074,-0.0819182,0.145478,0.0924314,-0.0306017,0.111445,-0.0282787,0.0859055,0.140347,-0.060553,-0.00502073,0.116454,-0.0851511,-0.00336483,0.0905222,-0.0515969,0.0880368,0.090577,-0.0202048,0.10914,0.00460657,-0.0618561,0.091446,0.00530598,-0.0275101,0.1136,0.0063113,-0.0963202,-0.00540647,-0.124136,-0.0497937,-0.0134833,-0.0985683,-0.0197291,0.0791839,-0.0797929,-0.0446669,0.0825862,-0.102472,-0.0762384,-0.0103703,-0.0786466,-0.0133164,0.103723,-0.0928393,0.0975521,0.0919835,0.140347,-0.060553,-0.00502073,-0.124136,-0.0497937,-0.0134833,0.0063113,-0.0963202,-0.00540647,0.116454,-0.0851511,-0.00336483,-0.102472,-0.0762384,-0.0103703,0.0683182,-0.0197286,-0.109104,-0.0425332,-0.0152144,-0.112653,0.00953784,-0.0636491,-0.0647364,-0.0834804,-0.0230285,-0.074565,-0.114698,-0.0421239,-0.0126477,-0.0581688,0.0841121,-0.11277,-0.110997,0.0976172,-0.0275957,-0.0759493,-0.0434125,-0.0702505,-0.0989893,-0.0613112,-0.0103937,0.00693861,-0.0808674,-0.00555624,0.114208,-0.0699896,-0.00357103,0.0965557,-0.0504309,-0.0647307,0.131537,-0.0521451,-0.00476806,0.105979,-0.030743,-0.0685026,0.145478,0.0924314,-0.0306017,0.117822,0.0442564,-0.075719,0.145478,0.0924314,-0.0306017,0.0685069,0.0867433,-0.116264]},"normal":{"type":"float32","components":3,"data":[0.875722,0.335329,0.34737,0.826272,0.281689,0.487777,0.644435,0.0294694,0.764091,0.954114,-0.00494977,0.299404,0.45523,0.829768,0.322878,0.391995,0.763014,0.513955,0.396264,0.303052,0.86668,0.644435,0.0294694,0.764091,-0.0151533,0.854617,0.519037,-0.022885,0.394724,0.918515,-0.00690738,0.970033,0.242873,-0.079975,0.0734049,0.99409,-0.891743,0.35925,0.275199,-0.9883,0.0271737,0.150081,-0.706982,0.097023,0.700545,-0.826918,0.271864,0.492235,-0.421321,0.763277,0.489792,-0.473052,0.830066,0.295318,-0.079975,0.0734049,0.99409,-0.53624,0.175297,0.825662,0.0119401,-0.00186211,-0.999927,0.0296821,0.0296362,-0.99912,0.0144029,-0.054822,-0.998392,-0.0128252,-0.0555942,-0.998371,0.0296726,-0.0196029,-0.999367,0.029676,-0.019594,-0.999367,0.0296673,-0.019587,-0.999368,-0.270004,0.281776,-0.920706,0.352834,0.263114,-0.89793,0.379353,-0.0451731,-0.924149,-0.511623,-0.0415092,-0.858207,0.0171213,0.823099,-0.567639,-0.768348,0.334977,-0.545373,-0.761937,0.182412,-0.621432,-0.858354,-0.0251665,-0.512441,-0.424715,0.734527,-0.529234,-0.463497,0.638987,-0.613894,0.0124154,0.912644,-0.408566,0.455851,0.734236,-0.503087,0.499464,0.638704,-0.585315,0.782288,0.364895,-0.504853,0.781236,0.173832,-0.599544,0.828748,-0.0145352,-0.559433,0.81416,-0.261495,0.518425,0.860518,-0.333209,0.385332,0.41882,-0.807548,0.415279,0.35901,-0.717064,0.597438,0.384508,-0.221302,0.896203,-0.0517166,-0.789339,0.611775,-0.0383476,-0.286339,0.957361,-0.0492729,-0.935313,0.350374,-0.905871,-0.285981,0.31243,-0.851095,-0.232394,0.470776,-0.453492,-0.683958,0.571443,-0.508594,-0.769856,0.385557,-0.446454,-0.217705,0.867919,-0.706982,0.097023,0.700545,0.0259433,-0.140651,-0.989719,0.00986745,-0.110301,-0.993849,0.0280087,-0.0942236,-0.995157,0.0279979,-0.094188,-0.995161,0.0280215,-0.0941921,-0.99516,0.338606,-0.377786,-0.861756,-0.282547,-0.372148,-0.884123,-0.0207785,-0.881652,-0.471442,-0.787203,-0.193843,-0.585436,-0.781117,-0.345169,-0.520303,-0.511623,-0.0415092,-0.858207,-0.858354,-0.0251665,-0.512441,-0.492985,-0.682719,-0.539315,-0.458253,-0.769787,-0.444333,-0.0290595,-0.952448,-0.303311,0.421625,-0.805593,-0.416237,0.469243,-0.721938,-0.508543,0.765322,-0.455683,-0.454571,0.762965,-0.299127,-0.573069,0.828748,-0.0145352,-0.559433,0.760089,-0.059701,-0.64707,0.828748,-0.0145352,-0.559433,0.379353,-0.0451731,-0.924149]},"texCoord0":{"type":"float32","components":2,"data":[0.65887,0.490434,0.690935,0.480973,0.725092,0.48173,0.717172,0.495848,0.641051,0.485641,0.683112,0.478862,0.697028,0.478301,0.726952,0.479105,0.676858,0.469997,0.693426,0.469997,0.624334,0.469997,0.725203,0.469997,0.658871,0.44956,0.717174,0.444146,0.725093,0.458264,0.690936,0.459021,0.683113,0.461132,0.641052,0.454353,0.726952,0.460889,0.697029,0.461693,0.660316,0.43103,0.660316,0.393005,0.722635,0.391333,0.722635,0.432702,0.636286,0.412017,0.645411,0.39628,0.645411,0.427755,0.667974,0.156458,0.690575,0.15635,0.69236,0.160518,0.666421,0.160755,0.679363,0.151392,0.642027,0.150953,0.657023,0.154815,0.65374,0.160727,0.648524,0.148584,0.659145,0.153282,0.679694,0.145769,0.709438,0.148706,0.699083,0.153218,0.715376,0.150946,0.701129,0.154684,0.704579,0.160314,0.690935,0.480973,0.65887,0.490434,0.641051,0.485641,0.683112,0.478862,0.697028,0.478301,0.676858,0.469997,0.693426,0.469997,0.624334,0.469997,0.658871,0.44956,0.690936,0.459021,0.683113,0.461132,0.641052,0.454353,0.697029,0.461693,0.726952,0.460889,0.660316,0.393005,0.660316,0.43103,0.636286,0.412017,0.645411,0.39628,0.645411,0.427755,0.690575,0.15635,0.667974,0.156458,0.679363,0.151392,0.657023,0.154815,0.642027,0.150953,0.65374,0.160727,0.636282,0.160742,0.659145,0.153282,0.648524,0.148584,0.679694,0.145769,0.709438,0.148706,0.699083,0.153218,0.715376,0.150946,0.701129,0.154684,0.721074,0.160108,0.704579,0.160314,0.703553,0.163433,0.698201,0.163264]}}],"meshes":[{"aabb":{"min":[-0.124136,-0.0963202,-0.124414],"max":[0.147087,0.283685,0.1136]},"vertices":0,"indices":[0,1,2,2,3,0,0,4,5,5,1,0,1,6,7,1,5,6,6,5,8,8,9,6,5,4,10,10,8,5,11,7,6,6,9,11,12,13,14,14,15,12,12,15,16,16,17,12,18,19,15,15,14,18,15,19,16,8,16,19,19,9,8,10,17,16,16,8,10,11,9,19,20,21,22,22,23,20,20,24,21,24,25,21,20,26,24,27,28,29,29,30,27,27,31,28,32,33,34,35,36,33,33,32,35,37,31,36,36,35,37,37,38,39,39,31,37,38,40,41,41,39,38,42,41,40,33,27,30,30,34,33,36,27,33,31,27,36,39,28,31,41,28,39,29,28,41,41,42,29,43,44,2,3,2,44,45,44,46,43,46,44,47,43,7,46,43,47,46,47,48,49,48,47,45,46,50,48,50,46,7,11,47,49,47,11,13,51,14,52,14,51,52,51,53,54,53,51,55,56,52,55,52,53,53,48,55,49,55,48,54,50,53,48,53,50,49,11,55,56,55,11,57,58,22,23,22,58,59,58,57,60,59,57,61,58,59,62,63,29,30,29,63,64,63,62,65,66,67,68,67,66,69,70,65,66,65,70,64,71,69,70,69,71,72,71,73,64,73,71,74,72,75,73,75,72,76,74,77,75,77,74,63,65,30,63,69,65,63,64,69,62,73,64,62,75,73,62,29,75,77,75,29,78,77,79],"type":"triangles","base":0,"count":306}],"meshInstances":[{"node":1,"mesh":0}]}}