{"model":{"version":2,"nodes":[{"name":"RootNode","position":[0,0,0],"rotation":[0,0,0],"scale":[1,1,1]},{"name":"lamps","position":[-0.31968,9.17288,-0.372664],"rotation":[-90,-0,0],"scale":[0.0147804,0.022587,0.0254]}],"parents":[-1,0],"skins":[],"vertices":[{"position":{"type":"float32","components":3,"data":[-429.855,-112.546,-265.541,-476.257,-112.546,-265.541,-476.257,-81.028,-265.541,-429.855,-81.028,-265.541,-96.4367,-107.116,24.8238,-220.089,-107.116,24.8238,-220.089,-98.7352,24.8238,-96.4367,-98.7352,24.8238,-530.263,-56.3602,-118.272,-579.232,-56.3602,-118.272,-579.232,-21.254,-118.272,-530.263,-21.254,-118.272,592.839,-15.6141,-43.9151,549.578,-15.6141,-43.9151,549.578,22.4114,-43.9151,592.839,22.4114,-43.9151,311.11,2.62816,-266.082,231.369,2.62816,-266.082,231.369,50.3513,-266.082,311.11,50.3513,-266.082,662.24,-90.603,266.082,582.499,-90.603,266.082,582.499,-42.8798,266.082,662.24,-42.8798,266.082,-352.265,-56.3602,-118.481,-401.234,-56.3602,-118.481,-401.234,-21.254,-118.481,-352.265,-21.254,-118.481,97.6393,86.2222,-265.541,51.2379,86.2222,-265.541,51.2379,117.74,-265.541,97.6393,117.74,-265.541,-551.642,-8.18208,103.311,-600.611,-8.18208,103.311,-600.611,26.9241,103.311,-551.642,26.9241,103.311,-352.265,-8.18208,103.39,-401.234,-8.18208,103.39,-401.234,26.9241,103.39,-352.265,26.9241,103.39,167.912,-113.657,174.504,118.944,-113.657,174.504,118.944,-78.5506,174.504,167.912,-78.5506,174.504,653.638,-74.6719,-44.5711,604.669,-74.6719,-44.5711,604.669,-39.5657,-44.5711,653.638,-39.5657,-44.5711,499.111,-74.6719,-45.2386,450.143,-74.6719,-45.2386,450.143,-39.5657,-45.2386,499.111,-39.5657,-45.2386,-548.714,-117.74,-265.541,-595.116,-117.74,-265.541,-595.116,-86.2222,-265.541,-548.714,-86.2222,-265.541,568.87,2.62816,-266.082,489.129,2.62816,-266.082,489.129,50.3513,-266.082,568.87,50.3513,-266.082,-96.3023,20.2566,-266.082,-176.043,20.2566,-266.082,-176.043,67.9798,-266.082,-96.3023,67.9798,-266.082,-504.273,20.2566,-266.082,-584.014,20.2566,-266.082,-584.014,67.9798,-266.082,-504.273,67.9798,-266.082,-610.628,-28.4163,-265.541,-657.029,-28.4163,-265.541,-657.029,3.10165,-265.541,-610.628,3.10165,-265.541,-96.3023,-119.52,-266.082,-176.043,-119.52,-266.082,-176.043,-71.797,-266.082,-96.3023,-71.797,-266.082,270.438,-119.52,-266.082,190.697,-119.52,-266.082,190.697,-71.797,-266.082,270.438,-71.797,-266.082,656.101,-119.52,-266.082,576.361,-119.52,-266.082,576.361,-71.797,-266.082,656.101,-71.797,-266.082,656.101,24.3987,-266.082,576.361,24.3987,-266.082,576.361,72.122,-266.082,656.101,72.122,-266.082,568.87,2.62816,-118.842,489.129,2.62816,-118.842,489.129,50.3513,-118.842,568.87,50.3513,-118.842]},"normal":{"type":"float32","components":3,"data":[0,0,-1,0,0,-1,0,0,-1,0,0,-1,0,0,-1,0,0,-1,0,0,-1,0,0,-1,0,0,-1,0,0,-1,0,0,-1,0,0,-1,0,0,-1,0,0,-1,0,0,-1,0,0,-1,0,0,-1,0,0,-1,0,0,-1,0,0,-1,0,0,-1,0,0,-1,0,0,-1,0,0,-1,0,0,-1,0,0,-1,0,0,-1,0,0,-1,0,0,-1,0,0,-1,0,0,-1,0,0,-1,0,0,-1,0,0,-1,0,0,-1,0,0,-1,0,0,-1,0,0,-1,0,0,-1,0,0,-1,0,0,-1,0,0,-1,0,0,-1,0,0,-1,0,0,-1,0,0,-1,0,0,-1,0,0,-1,0,0,-1,0,0,-1,0,0,-1,0,0,-1,0,0,-1,0,0,-1,0,0,-1,0,0,-1,0,0,-1,0,0,-1,0,0,-1,0,0,-1,0,0,-1,0,0,-1,0,0,-1,0,0,-1,0,0,-1,0,0,-1,0,0,-1,0,0,-1,0,0,-1,0,0,-1,0,0,-1,0,0,-1,0,0,-1,0,0,-1,0,0,-1,0,0,-1,0,0,-1,0,0,-1,0,0,-1,0,0,-1,0,0,-1,0,0,-1,0,0,-1,0,0,-1,0,0,-1,0,0,-1,0,0,-1,0,0,-1,0,0,-1,0,0,-1,0,0,-1,0,0,-1]},"texCoord0":{"type":"float32","components":2,"data":[1,0,0,0,0,1,1,1,1,0,0,0,0,1,1,1,1,0,0,0,0,1,1,1,1,0,0,0,0,1,1,1,1,0,0,0,0,1,1,1,1,0,0,0,0,1,1,1,1,0,0,0,0,1,1,1,1,0,0,0,0,1,1,1,1,0,0,0,0,1,1,1,1,0,0,0,0,1,1,1,1,0,0,0,0,1,1,1,1,0,0,0,0,1,1,1,1,0,0,0,0,1,1,1,1,0,0,0,0,1,1,1,1,0,0,0,0,1,1,1,1,0,0,0,0,1,1,1,1,0,0,0,0,1,1,1,1,0,0,0,0,1,1,1,1,0,0,0,0,1,1,1,1,0,0,0,0,1,1,1,1,0,0,0,0,1,1,1,1,0,0,0,0,1,1,1,1,0,0,0,0,1,1,1]}}],"meshes":[{"aabb":{"min":[-657.029,-119.52,-266.082],"max":[662.24,117.74,266.082]},"vertices":0,"indices":[0,1,2,0,2,3,4,5,6,4,6,7,8,9,10,8,10,11,12,13,14,12,14,15,16,17,18,16,18,19,20,21,22,20,22,23,24,25,26,24,26,27,28,29,30,28,30,31,32,33,34,32,34,35,36,37,38,36,38,39,40,41,42,40,42,43,44,45,46,44,46,47,48,49,50,48,50,51,52,53,54,52,54,55,56,57,58,56,58,59,60,61,62,60,62,63,64,65,66,64,66,67,68,69,70,68,70,71,72,73,74,72,74,75,76,77,78,76,78,79,80,81,82,80,82,83,84,85,86,84,86,87,88,89,90,88,90,91],"type":"triangles","base":0,"count":138}],"meshInstances":[{"node":1,"mesh":0}]}}