{"model":{"version":2,"nodes":[{"name":"RootNode","position":[0,0,0],"rotation":[0,0,0],"scale":[1,1,1]},{"name":"Object004","position":[-0.433745,0.510679,-0.606193],"rotation":[-90,5.00896e-06,3.0671e-22],"scale":[0.0254,0.0254,0.0254]}],"parents":[-1,0],"skins":[],"vertices":[{"position":{"type":"float32","components":3,"data":[-8.12911,-2.15182,6.89575,8.12911,2.15182,-6.89575,8.12911,2.15182,6.89575,-8.12911,-2.15182,-6.89575]},"normal":{"type":"float32","components":3,"data":[0.255892,-0.966705,-1.31571e-07,0.255892,-0.966705,-1.31571e-07,0.255892,-0.966705,-1.31571e-07,0.255892,-0.966705,-1.31571e-07]},"texCoord0":{"type":"float32","components":2,"data":[0,1,1,0,1,1,0,0]},"texCoord1":{"type":"float32","components":2,"data":[0.306542,0.450199,0.240546,0.372361,0.307812,0.372045,0.239276,0.450514]}}],"meshes":[{"aabb":{"min":[-8.12911,-2.15182,-6.89575],"max":[8.12911,2.15182,6.89575]},"vertices":0,"indices":[0,1,2,1,0,3],"type":"triangles","base":0,"count":6}],"meshInstances":[{"node":1,"mesh":0}]}}