{"model":{"version":2,"nodes":[{"name":"RootNode","position":[0,0,0],"rotation":[0,0,0],"scale":[1,1,1]},{"name":"Object001","position":[0,0,0],"rotation":[-90,-0,0],"scale":[0.0254,0.0254,0.0254]}],"parents":[-1,0],"skins":[],"vertices":[{"position":{"type":"float32","components":3,"data":[-27.7571,11.5426,0.188589,-21.668,12.4371,0.188589,-22.7407,13.0732,0.188589,-26.2638,14.1725,0.188589,-26.9853,10.5182,0.188589,-25.1797,11.4232,0.188589,-24.4484,11.6871,0.188589,-32.4332,-3.52962,0.188589,-29.637,-3.00029,0.188589,-12.2308,3.44508,0.188589,-33.3663,3.0547,0.188589,-22.7658,-3.88749,0.188589,-20.9549,-4.78132,0.188589,-26.1491,-4.02067,0.188589,-21.3965,-12.0339,0.188589,-18.7038,-13.3135,0.188589,-19.3952,-11.8802,0.188589,-20.3769,-9.14161,0.188589,-19.5875,-10.8574,0.188589,-26.5121,4.12493,0.188589,-28.0723,3.47338,0.188589,1.69387,2.36671,0.845167,1.57823,10.1992,0.918298,-3.12723,3.27075,0.841628,-3.45549,2.33697,0.844198,-6.24347,2.48743,0.846361,-6.41903,-1.06035,0.846361,-3.56117,-0.934467,0.844934,-3.56117,-0.934467,0.844934,-3.58254,-3.17963,0.849338,1.67574,-3.17963,0.849338,-3.45549,2.33697,0.844198,1.69387,2.36671,0.845167,-9.16017,1.86461,0.855551,-9.13353,-0.739204,0.855551,-3.45549,2.33697,0.844198,-3.12723,3.27075,0.841628,-8.54326,2.45063,0.850463,-6.24347,2.48743,0.846361,-41.4019,-10.7741,2.22066,-42.325,-7.06321,2.22057,-44.6369,-11.4992,2.22066,-41.1752,-5.33394,1.49394,-39.7054,2.48066,1.49394,-43.3035,3.22526,1.49394,-44.8459,0.78126,1.49394,-38.4165,-10.0231,1.49394,-37.8929,-12.7836,1.48994,-35.5007,-12.1864,1.49072,-37.2192,-4.67428,1.49394,-32.4788,-16.3833,0.253711,-32.9102,-14.2514,0.253711,-34.905,-14.6647,0.253711,-33.6018,-16.8074,0.253711,-44.8074,-16.7985,0.253711,-49.0435,-17.2912,0.253711,-49.6945,-18.2394,0.253711,-37.4026,-15.2109,0.253711,-49.2312,-19.93,0.253711,-35.9126,-17.1947,0.253711,-46.6099,2.85596,1.49394,-44.9185,5.10792,1.49394,-53.5494,1.52433,1.49394,-43.3967,-5.8323,1.49394,-37.2738,2.57257,1.49394,-35.7821,-4.25889,1.49394,-38.4179,-10.0208,1.49394,-38.4173,-10.0233,1.49394,-45.9243,2.04965,1.49394,-40.957,-6.73315,1.49394,-45.6761,-12.9478,2.21745,-45.8777,-11.793,2.21706,-49.9344,-12.8698,2.21706,-49.7007,-13.7077,2.21706,-44.6369,-11.4992,2.22066,-42.325,-7.06321,2.22057,-44.2217,-7.26202,2.22052,-46.3945,1.79951,2.21776,-53.1571,0.502655,2.21776,-54.0507,4.15348,1.49394,-40.3482,-10.5452,1.49394,-4.76953,16.7137,0.930641,-6.98988,16.6499,0.930641,-7.03115,15.1457,0.930641,-8.34334,15.1245,0.930641,-8.47398,14.6266,0.930641,-10.3842,14.6373,0.930641,-10.52,14.1846,0.930641,-9.01481,12.9334,0.930641,-4.72102,15.6359,0.930641,7.41686,12.7272,0.930641,3.73526,12.7272,0.930641,3.23416,11.4431,0.930641,3.28745,11.1208,0.929239,3.55876,10.5944,0.963238,-9.16017,1.86461,0.855551,-11.5351,1.85755,0.29643,-11.4997,-0.739204,0.29643,-11.4997,-0.739204,0.29643,-9.13353,-0.739204,0.855551,-9.16017,1.86461,0.855551,-12.3743,-1.0061,0.188589,-11.4997,-0.739204,0.29643,-11.5351,1.85755,0.29643,-12.3672,2.08908,0.188589,-35.7821,-4.25889,1.49394,-32.4332,-3.52962,0.188589,-33.3663,3.0547,0.188589,-37.2738,2.57257,1.49394,-41.4019,-10.7741,2.22066,-40.3482,-10.5452,1.49394,-40.957,-6.73315,1.49394,-42.325,-7.06321,2.22057,-53.1571,0.502655,2.21776,-46.3945,1.79951,2.21776,-46.6099,2.85596,1.49394,-53.5494,1.52433,1.49394,-45.6761,-12.9478,2.21745,-49.7007,-13.7077,2.21706,-49.0435,-17.2912,0.253711,-44.8074,-16.7985,0.253711,-34.905,-14.6647,0.253711,-35.5007,-12.1864,1.49072,-37.8929,-12.7836,1.48994,-37.4026,-15.2109,0.253711,-27.3738,-41.4442,0.253711,-26.9387,-43.6695,0.253711,-24.8132,-42.9182,0.253711,-35.9126,-17.1947,0.253711,-26.9387,-43.6695,0.253711,-27.3738,-41.4442,0.253711,-31.8737,-43.0923,0.217043,-31.8737,-43.0923,0.217043,-31.029,-45.3242,0.217043,-26.9387,-43.6695,0.253711,1.57823,10.1992,0.918298,-3.32814,10.3659,0.880699,-3.12723,3.27075,0.841628,-4.31143,12.5736,0.930641,0.81796,11.5162,0.914515,1.3656,11.573,0.919029,2.77978,11.4005,0.924233,-2.6166,11.2714,0.908884,-3.01819,10.9355,0.901424,-3.32814,10.3659,0.880699,1.57823,10.1992,0.918298,1.10314,10.9154,0.894157,-3.18388,11.3947,0.917596,-4.42141,10.9074,0.930641,-2.92098,11.6343,0.919603,1.1444,13.3672,0.930641,1.12661,14.1871,0.930641,-5.34862,13.6121,0.930641,-7.14837,13.5189,0.930641,-8.08845,12.5736,0.930641,3.33529,14.2663,0.930641,3.70372,15.5277,0.930641,3.37005,13.3715,0.930641,-10.8357,-2.76637,0.188589,-12.2242,-2.36573,0.188589,-12.777,-8.996,0.188589,-10.4729,-5.19341,0.188589,-10.0893,-3.79789,0.188589,-10.8868,-3.30822,0.188589,-14.5839,-5.83047,0.188589,-14.0866,-7.24504,0.188589,-15.4327,-8.11559,0.188589,-16.013,-11.9675,0.188589,-15.7973,-7.61212,0.188589,-18.5379,-11.2683,0.188589,-16.8891,-6.10438,0.188589,-14.7035,-5.49009,0.188589,-12.3743,-1.0061,0.188589,-12.3672,2.08908,0.188589,-20.7542,10.704,0.188589,-18.3668,8.55186,0.188557,-23.7816,9.98172,0.188589,-17.946,7.88588,0.188549,-24.5086,9.72032,0.188589,-22.1968,7.6454,0.188525,-23.6263,8.79722,0.188477,-23.1934,9.28736,0.188497,-19.0517,7.13892,0.188537,-20.759,7.26145,0.188477,-21.772,8.19272,0.188515,-20.7018,7.89863,0.188497,-19.0272,7.78427,0.188527,-10.2156,3.89283,0.188589,-11.684,7.63644,0.188589,-12.3514,7.01523,0.188589,-13.6004,5.60001,0.188589,-15.8889,6.56604,0.188589,-13.1935,9.4709,0.188589,-15.5348,11.648,0.188589,-19.4817,14.0518,0.188589,-16.5755,9.60959,0.188561,-18.2758,11.9031,0.188589,-18.941,13.2205,0.188589,-16.1757,8.82434,0.188572,-13.9837,9.14552,0.188589,-15.2038,8.70905,0.188589,1.10314,10.9154,0.894157,1.57823,10.1992,0.918298,1.43927,10.4542,0.895944,1.10314,10.9154,0.894157,1.43927,10.4542,0.895944,1.29732,11.2398,0.910181,1.3656,11.573,0.919029,1.10314,10.9154,0.894157,1.29732,11.2398,0.910181,3.55876,10.5944,0.963238,3.28745,11.1208,0.929239,2.77978,11.4005,0.924233,3.55876,10.5944,0.963238,2.77978,11.4005,0.924233,2.27678,10.5762,0.913685,3.55876,10.5944,0.963238,2.27678,10.5762,0.913685,1.43927,10.4542,0.895944,3.55876,10.5944,0.963238,1.43927,10.4542,0.895944,1.57823,10.1992,0.918298,-19.4817,14.0518,0.188589,-22.7407,13.0732,0.188589,-21.668,12.4371,0.188589,-18.941,13.2205,0.188589,-13.1935,9.4709,0.188589,-13.9837,9.14552,0.188589,-12.3514,7.01523,0.188589,-11.684,7.63644,0.188589,2.28252,11.2604,0.912792,2.27678,10.5762,0.913685,2.77978,11.4005,0.924233,1.29732,11.2398,0.910181,2.28252,11.2604,0.912792,2.77978,11.4005,0.924233,1.29732,11.2398,0.910181,2.77978,11.4005,0.924233,1.3656,11.573,0.919029,-35.355,-45.611,0.186586,-35.2154,-45.965,0.187826,-34.5046,-45.7986,0.190814,-34.7105,-45.2683,0.193349,-36.0811,-45.4066,0.185341,-37.1004,-45.8347,0.180374,-36.525,-45.6883,0.184924,-35.5689,-46.5685,0.183167,-36.0221,-46.3517,0.186697,-36.6618,-46.898,0.180374,-35.6246,-49.4123,0.180374,-34.3556,-46.0365,0.191948,-35.2567,-49.2684,0.180374,-34.8881,-48.5541,0.180374,-34.3515,-48.9143,0.180374,-30.2672,-47.3165,0.180374,-31.029,-45.3242,0.217043,-31.8737,-43.0923,0.217043,-37.9147,-43.8606,0.180374,-34.7892,-44.9478,0.191492,-32.5573,-41.7648,0.180374,-46.6099,2.85596,1.49394,-46.3945,1.79951,2.21776,-45.9243,2.04965,1.49394]},"normal":{"type":"float32","components":3,