{"model":{"version":2,"nodes":[{"name":"RootNode","position":[0,0,0],"rotation":[0,0,0],"scale":[1,1,1]},{"name":"ant_01","position":[0,0,-1.80904e-17],"rotation":[-90,-0,0],"scale":[0.01,0.01,0.01]},{"name":"ant_02","position":[0,0,0],"rotation":[-90,-5.00896e-06,5.00896e-06],"scale":[0.01,0.01,0.01]}],"parents":[-1,0,0],"skins":[],"vertices":[{"position":{"type":"float32","components":3,"data":[6.70962,-3.68041,84.8469,13.2003,-13.931,53.4629,8.20711,-3.18207,84.9024,20.194,-5.63251,54.2445,4.41534,-3.79202,84.8189,2.48531,-15.8059,53.2138,2.39778,-3.46469,84.8315,-6.93731,-10.3797,53.6137,6.70962,-2.02978,84.9913,20.194,5.20674,55.1928,8.20711,-2.53018,84.9594,13.2003,13.5149,55.8641,4.41534,-1.915,84.9831,2.4853,15.4045,55.9444,2.39778,-2.23955,84.9387,-6.93731,9.99136,55.396,-9.40905,3.64688,42.6336,-40.7655,14.169,8.90551,1.22969,-6.67011e-06,42.6336,-40.8842,-17.71,-3.25182,28.027,-13.2829,-3.25182,-40.8842,17.71,-3.25181,28.027,13.283,-3.25181,1.22969,-6.67011e-06,42.6336,11.7919,-8.5084,52.2438,-2.82262,-8.5084,52.8726,-0.455226,-2.66757e-06,32.3625,14.5171,-2.66757e-06,32.3625,41.0209,-1.17057e-05,64.3976,26.4064,-5.58744,56.5451,-17.4371,-5.58744,56.7896,-32.0516,-1.17981e-05,64.7254,11.7919,8.50838,53.0957,-2.82262,8.50838,53.7245,-0.455226,-4.87706e-06,32.3625,14.5171,-4.87706e-06,32.3625,41.0209,-1.40044e-05,65.2495,26.4064,5.58742,57.3969,-17.4371,5.58742,57.6415,-32.0516,-1.40969e-05,65.5773]},"normal":{"type":"float32","components":3,"data":[0.398035,-0.847021,0.352311,0.411063,-0.840792,0.352272,0.661955,-0.670781,0.334467,0.661955,-0.670781,0.334467,-0.13855,-0.927123,0.348205,-0.143201,-0.926442,0.348137,-0.414624,-0.848094,0.329884,-0.414624,-0.848094,0.329884,-0.398034,-0.772975,-0.494042,-0.661955,-0.602511,-0.445866,-0.661955,-0.602511,-0.445866,-0.411063,-0.766847,-0.492922,0.138551,-0.852572,-0.503909,0.143201,-0.851913,-0.503723,0.414624,-0.777926,-0.472142,0.414624,-0.777926,-0.472142,-0.651107,-0.411135,0.637987,-0.651108,-0.411135,0.637987,-0.297813,-0.799861,0.521085,-0.376638,-0.740017,0.557242,0.0609478,-0.948707,0.310226,-0.0609478,-0.948707,-0.310227,-0.0609478,-0.948707,-0.310227,-0.0609478,-0.948707,-0.310227,0.133145,-0.918758,-0.371695,-0.163211,-0.903495,-0.396306,-0.121949,-0.902793,-0.412423,0.136548,-0.910371,-0.390615,0.513307,-0.745766,-0.424676,0.451696,-0.794608,-0.40567,-0.480459,-0.721226,-0.49899,-0.537333,-0.660351,-0.524605,-0.132622,-0.923965,0.358747,0.161637,-0.90963,0.382685,0.120014,-0.909416,0.398196,-0.133633,-0.916397,0.377305,-0.509732,-0.755925,0.410794,-0.447683,-0.803695,0.391988,0.476483,-0.734933,0.482533,0.534225,-0.675531,0.508193]},"texCoord0":{"type":"float32","components":2,"data":[0.550212,0.933073,0.619722,0.66304,0.571602,0.937663,0.705887,0.673915,0.543453,0.93141,0.515438,0.657653,0.518683,0.933127,0.374955,0.667933,0.550212,0.933073,0.705887,0.673915,0.571602,0.937663,0.619722,0.66304,0.543453,0.93141,0.515438,0.657653,0.518683,0.933127,0.374955,0.667933,0.364263,0.517135,0.00955737,0.169579,0.484609,0.517135,0.00821519,0.0443021,0.787741,0.0443021,0.00821519,0.0443021,0.787741,0.0443021,0.484609,0.517135,0.6047,0.614587,0.437488,0.619758,0.465549,0.411294,0.634916,0.411294,0.938594,0.738365,0.770914,0.659256,0.271055,0.660721,0.101874,0.739838,0.6047,0.614587,0.437488,0.619758,0.465549,0.411294,0.634916,0.411294,0.938594,0.738365,0.770914,0.659256,0.271055,0.660721,0.101874,0.739838]}},{"position":{"type":"float32","components":3,"data":[-17.1898,-0.387344,56.7126,-12.6493,-13.4207,55.5741,-1.73604,-5.34756,51.7386,-3.48533,0.00804074,52.1934,-3.35541,-20.0666,55.0191,1.88786,-8.119,51.5248,5.2299,-21.1213,54.9852,5.26591,-8.56346,51.5127,-34.3984,-1.18137,65.7883,-33.0542,-11.3804,64.9084,-29.1004,-20.8904,64.1074,-22.8152,-29.0537,63.4428,-14.6222,-35.3237,62.9598,-5.08326,-39.2675,62.6909,5.27408,0.0921282,51.2323,5.15604,-40.619,62.6546,27.6481,-0.418234,57.0658,12.2679,-5.35721,51.849,23.1082,-13.4453,55.8558,14.0171,-0.00401746,52.3313,13.8151,-20.0784,55.1544,8.64397,-8.12366,51.578,5.2299,-21.1213,54.9852,43.3663,-11.4331,65.5105,44.7105,-1.23587,66.4116,39.4125,-20.9376,64.6472,33.1273,-29.0922,63.8835,24.9343,-35.3509,63.2714,15.3954,-39.2816,62.8522,5.15604,-40.619,62.6546,-12.6493,12.6457,57.8546,-1.73604,5.36125,52.6755,-17.1898,-0.387344,56.7126,-3.35542,19.287,58.4621,1.88785,8.12772,52.9462,5.22988,20.3316,58.6119,5.2659,8.56752,53.0115,-33.0542,9.01553,66.6928,-34.3984,-1.18137,65.7883,-29.1004,18.5201,67.5553,-22.8153,26.6748,68.3184,-14.6223,32.9334,68.9315,-5.08329,36.864,69.3515,5.15601,38.2013,69.5505,14.0171,-0.00401746,52.3313,23.1082,12.6211,58.1363,12.2679,5.3516,52.7859,27.6481,-0.418234,57.0658,13.815,19.2752,58.5974,8.64396,8.12307,52.9994,44.7105,-1.23587,66.4116,43.3663,8.96289,67.2949,39.4125,18.4729,68.0951,33.1273,26.6362,68.7591,24.9343,32.9062,69.2431,15.3953,36.8499,69.5128,5.15601,38.2013,69.5505,-17.2601,-0.372904,56.5475,-1.77008,-5.3575,51.5622,-12.7063,-13.4483,55.4056,-3.52724,0.0232976,52.019,-3.38097,-20.1186,54.8487,1.87273,-8.14469,51.3472,5.2312,-21.1789,54.8147,5.26729,-8.59225,51.335,-33.1319,-11.3893,64.7462,-34.4826,-1.16751,65.6298,-29.1718,-20.9163,63.9442,-22.8723,-29.0993,63.2783,-14.6626,-35.3807,62.7939,-5.10224,-39.3324,62.5241,5.27551,0.107816,51.053,5.15731,-40.6851,62.4872,27.7211,-0.403894,56.9019,23.1678,-13.473,55.6882,12.3047,-5.3672,51.6731,14.0618,0.0111797,52.1576,13.8432,-20.1304,54.9844,8.66185,-8.14937,51.4007,5.2312,-21.1789,54.8147,44.7972,-1.22212,66.2544,43.4465,-11.442,65.3496,39.4864,-20.9636,64.4851,33.1869,-29.138,63.72,24.9772,-35.408,63.1062,15.4169,-39.3465,62.6857,5.15731,-40.6851,62.4872,-12.7063,12.7021,57.6934,-17.2601,-0.372904,56.5475,-1.77009,5.40168,52.5035,-3.38099,19.3678,58.3033,1.87273,8.18384,52.7758,5.23119,20.418,58.4539,5.26728,8.62672,52.8415,-34.4826,-1.16751,65.6298,-33.1319,9.0524,66.5347,-29.1718,18.574,67.3991,-22.8723,26.7483,68.1643,-14.6626,33.0184,68.778,-5.10227,36.9569,69.1985,5.15729,38.2954,69.3971,14.0618,0.0111797,52.1576,23.1678,12.6774,57.9761,27.7211,-0.403894,56.9019,12.3047,5.39198,52.6144,13.8432,19.3559,58.439,8.66184,8.17917,52.8293,43.4465,8.99964,67.138,44.7972,-1.22212,66.2544,39.4864,18.5267,67.9401,33.1869,26.7097,68.606,24.9772,32.9911,69.0903,15.4168,36.9428,69.3602,5.15729,38.2954,69.3971]},"normal":{"type":"float32","components":3,