{"model":{"version":2,"nodes":[{"name":"RootNode","position":[0,0,0],"rotation":[0,0,0],"scale":[1,1,1]},{"name":"windowsOuter","position":[0,0,0],"rotation":[-90,-0,0],"scale":[0.0254,0.0254,0.0254]}],"parents":[-1,0],"skins":[],"vertices":[{"position":{"type":"float32","components":3,"data":[-433.976,-127.783,-0.165894,433.953,-127.833,-0.15332,433.888,-127.398,659.045,433.888,-127.398,659.045,-433.888,-127.398,659.045,-433.976,-127.783,-0.165894,433.888,-127.398,659.045,433.953,-127.833,-0.15332,434.196,-4.19617e-05,-0.495636,434.196,-4.19617e-05,-0.495636,434.176,-7.62939e-06,659.332,433.888,-127.398,659.045,-433.888,-127.398,659.045,433.888,-127.398,659.045,434.176,-7.62939e-06,659.332,434.176,-7.62939e-06,659.332,-434.176,-7.62939e-06,659.332,-433.888,-127.398,659.045,-433.976,-127.783,-0.165894,-433.888,-127.398,659.045,-434.176,-7.62939e-06,659.332,-434.176,-7.62939e-06,659.332,-434.204,-4.19617e-05,-0.522156,-433.976,-127.783,-0.165894,-433.976,127.782,-0.165863,-433.888,127.398,659.045,433.888,127.398,659.045,433.888,127.398,659.045,433.953,127.833,-0.15329,-433.976,127.782,-0.165863,433.888,127.398,659.045,434.176,-7.62939e-06,659.332,434.196,-4.19617e-05,-0.495636,434.196,-4.19617e-05,-0.495636,433.953,127.833,-0.15329,433.888,127.398,659.045,-433.888,127.398,659.045,-434.176,-7.62939e-06,659.332,434.176,-7.62939e-06,659.332,434.176,-7.62939e-06,659.332,433.888,127.398,659.045,-433.888,127.398,659.045,-433.976,127.782,-0.165863,-434.204,-4.19617e-05,-0.522156,-434.176,-7.62939e-06,659.332,-434.176,-7.62939e-06,659.332,-433.888,127.398,659.045,-433.976,127.782,-0.165863]},"normal":{"type":"float32","components":3,"data":[-5.86763e-05,-1,0.000660647,-5.86763e-05,-1,0.000660647,-5.86763e-05,-1,0.000660647,-3.07751e-11,-1,0.000583399,-3.07751e-11,-1,0.000583399,-3.07751e-11,-1,0.000583399,0.999998,-0.00190097,9.97715e-05,0.999998,-0.00190097,9.97715e-05,0.999998,-0.00190097,9.97715e-05,0.999997,-0.00225945,3.05256e-05,0.999997,-0.00225945,3.05256e-05,0.999997,-0.00225945,3.05256e-05,-5.27512e-08,-0.00225938,0.999997,-5.27512e-08,-0.00225938,0.999997,-5.27512e-08,-0.00225938,0.999997,0,-0.00225974,0.999997,0,-0.00225974,0.999997,0,-0.00225974,0.999997,-0.999997,-0.00225994,0.000134469,-0.999997,-0.00225994,0.000134469,-0.999997,-0.00225994,0.000134469,-0.999998,-0.00178804,4.30347e-05,-0.999998,-0.00178804,4.30347e-05,-0.999998,-0.00178804,4.30347e-05,-3.07684e-11,1,0.000583271,-3.07684e-11,1,0.000583271,-3.07684e-11,1,0.000583271,-5.86851e-05,1,0.000660531,-5.86851e-05,1,0.000660531,-5.86851e-05,1,0.000660531,0.999997,0.00226041,3.05253e-05,0.999997,0.00226041,3.05253e-05,0.999997,0.00226041,3.05253e-05,0.999998,0.00190192,9.97719e-05,0.999998,0.00190192,9.97719e-05,0.999998,0.00190192,9.97719e-05,0,0.00225974,0.999997,0,0.00225974,0.999997,0,0.00225974,0.999997,-5.27512e-08,0.00225939,0.999997,-5.27512e-08,0.00225938,0.999997,-5.27512e-08,0.00225938,0.999997,-0.999998,0.00178805,4.30345e-05,-0.999998,0.00178804,4.30345e-05,-0.999998,0.00178805,4.30345e-05,-0.999997,0.00225994,0.000134468,-0.999997,0.00225994,0.000134468,-0.999997,0.00225994,0.000134468]},"texCoord0":{"type":"float32","components":2,"data":[-1.8588,-1.70759,2.85862,-1.70947,2.8581,2.75691,2.8581,2.75691,-1.8581,2.75691,-1.8588,-1.70759,2.83141,0.991398,-0.138889,0.991398,-0.138889,0.04608,-0.138889,0.04608,2.83141,0.0460784,2.83141,0.991398,2.8581,0.994846,-1.86694,0.990973,-1.8631,0.0417874,-1.8631,0.0417874,2.8581,0.0460784,2.8581,0.994846,3.14903,0.991398,0.149028,0.991398,0.149028,0.0460785,0.149028,0.0460785,3.14903,0.0460801,3.14903,0.991398,-1.8588,-1.70759,-1.8581,2.75691,2.8581,2.75691,2.8581,2.75691,2.85862,-1.70947,-1.8588,-1.70759,2.83141,0.991398,2.83141,0.0460784,-0.138889,0.04608,-0.138889,0.04608,-0.138889,0.991398,2.83141,0.991398,2.8581,0.994846,2.8581,0.0460784,-1.8631,0.0417874,-1.8631,0.0417874,-1.86989,0.985665,2.8581,0.994846,3.14903,0.991398,3.14903,0.0460801,0.149028,0.0460785,0.149028,0.0460785,0.149028,0.991398,3.14903,0.991398]}}],"meshes":[{"aabb":{"min":[-434.204,-127.833,-0.522156],"max":[434.196,127.833,659.332]},"vertices":0,"indices":[0,1,2,3,4,5,6,7,8,9,10,11,12,13,14,15,16,17,18,19,20,21,22,23,24,25,26,27,28,29,30,31,32,33,34,35,36,37,38,39,40,41,42,43,44,45,46,47],"type":"triangles","base":0,"count":48}],"meshInstances":[{"node":1,"mesh":0}]}}